id,dom,jur,vi,vp,vf,sr,sk,ss,ct,vm,pt,tt,sd,out,src
BK,inf,UAE,0.85,0.9,0.95,0.4,0.3,0.15,0.3,15000,0.92,3.5,7200,A,PB,WB,GN
MC,esg,UAE,0.9,0.9,0.85,0.3,0.2,0.1,0.35,25000,0.87,2.4,12500,A,WIPO,ESG,GN
NM,inf,SAU,0.95,0.85,0.9,0.45,0.35,0.3,0.4,500000,0.89,4.8,225000,A,WIPO,PB,GN
HD,inf,UAE,0.9,0.8,0.85,0.4,0.3,0.25,0.35,10000,0.85,4.2,4600,A,WIPO,WB,GN
SCM,inf,IND,0.8,0.85,0.8,0.45,0.35,0.2,0.4,8000,0.84,4.5,3600,A,WB,GN
SPR,esg,IND,0.85,0.92,0.8,0.35,0.25,0.1,0.4,5000,0.93,2.7,2450,A,WIPO,ESG,GN
WFG,esg,DEU,0.9,0.95,0.85,0.3,0.2,0.15,0.3,8000,0.94,2.6,4080,A,WIPO,ESG,GN
GWU,esg,USA,0.6,0.3,0.7,0.5,0.4,0.5,0.35,10000,0.42,11.0,2500,R,ESG,GN
SN,inf,SGP,0.95,0.9,0.85,0.2,0.15,0.2,0.25,5000,0.95,2.0,2650,A,WIPO,PB,GN
HSR,inf,CHN,0.9,0.85,0.9,0.35,0.25,0.2,0.35,20000,0.90,3.2,9600,A,WB,GN
SFM,esg,MAR,0.85,0.9,0.8,0.4,0.3,0.15,0.4,6000,0.89,3.8,2700,A,WIPO,ESG,GN
GBB,esg,BRA,0.8,0.85,0.75,0.45,0.35,0.2,0.45,4000,0.83,4.7,1720,A,ESG,PB
MD,inf,IND,0.85,0.9,0.8,0.4,0.3,0.15,0.4,7000,0.89,3.6,3150,A,WB,GN
BFI,esg,IDN,0.8,0.85,0.75,0.4,0.3,0.25,0.45,3000,0.83,4.9,1290,A,WIPO,ESG
SGJ,inf,JPN,0.9,0.85,0.85,0.3,0.2,0.15,0.3,6000,0.92,2.8,2880,A,WIPO,PB
INF001,inf,USA,0.85,0.8,0.9,0.35,0.25,0.2,0.3,12000,0.90,3.0,5760,A,PB,WB,GN
INF002,inf,GBR,0.9,0.85,0.85,0.3,0.2,0.15,0.25,10000,0.93,2.5,5100,A,WIPO,PB
INF003,inf,FRA,0.8,0.9,0.8,0.4,0.3,0.2,0.35,8000,0.87,4.0,3840,A,WB,GN
INF004,inf,AUS,0.85,0.85,0.8,0.35,0.25,0.15,0.3,9000,0.91,3.1,4320,A,PB,GN
INF005,inf,DEU,0.9,0.8,0.85,0.3,0.2,0.2,0.25,11000,0.92,2.7,5280,A,WIPO,PB
INF006,inf,CAN,0.8,0.85,0.9,0.35,0.25,0.15,0.3,7000,0.91,3.0,3360,A,WB,GN
INF007,inf,BRA,0.85,0.8,0.8,0.4,0.3,0.25,0.4,6000,0.84,4.5,2700,A,WB,GN
INF008,inf,ITA,0.8,0.85,0.75,0.45,0.35,0.2,0.35,5000,0.83,4.7,2150,A,WB,GN
INF009,inf,MEX,0.75,0.8,0.8,0.45,0.35,0.25,0.45,4000,0.80,5.2,1720,A,WB,GN
INF010,inf,RUS,0.85,0.8,0.85,0.4,0.3,0.2,0.35,8000,0.86,4.1,3680,A,WB,GN
ESG001,esg,AUS,0.85,0.9,0.8,0.35,0.25,0.15,0.4,5000,0.90,3.5,2400,A,WIPO,ESG
ESG002,esg,CHN,0.8,0.85,0.75,0.4,0.3,0.2,0.45,4000,0.84,4.8,1760,A,ESG,GN
ESG003,esg,USA,0.9,0.95,0.85,0.3,0.2,0.1,0.3,10000,0.95,2.4,5100,A,WIPO,ESG
ESG004,esg,GBR,0.85,0.9,0.8,0.35,0.25,0.15,0.35,6000,0.90,3.4,2880,A,ESG,GN
ESG005,esg,FRA,0.8,0.85,0.75,0.4,0.3,0.2,0.4,5000,0.84,4.6,2200,A,ESG,GN
ESG006,esg,JPN,0.9,0.9,0.85,0.3,0.2,0.15,0.3,7000,0.93,2.7,3570,A,WIPO,ESG
ESG007,esg,CAN,0.85,0.95,0.8,0.35,0.25,0.1,0.35,6000,0.93,2.8,3060,A,ESG,GN
ESG008,esg,IND,0.8,0.9,0.75,0.4,0.3,0.15,0.45,4000,0.86,4.2,1840,A,ESG,GN
ESG009,esg,BRA,0.75,0.85,0.7,0.45,0.35,0.25,0.5,3000,0.80,5.4,1290,A,ESG,GN
ESG010,esg,MEX,0.8,0.8,0.75,0.4,0.3,0.2,0.45,3500,0.83,4.8,1505,A,ESG,GN
INF011,inf,ESP,0.85,0.8,0.85,0.35,0.25,0.2,0.3,9000,0.90,3.2,4320,A,WB,GN
INF012,inf,KOR,0.9,0.85,0.9,0.3,0.2,0.15,0.25,12000,0.94,2.5,6120,A,WIPO,PB
INF013,inf,ARG,0.8,0.8,0.75,0.45,0.35,0.25,0.45,5000,0.80,5.3,2150,A,WB,GN
INF014,inf,CHL,0.85,0.85,0.8,0.4,0.3,0.2,0.4,6000,0.86,4.2,2760,A,WB,GN
INF015,inf,TUR,0.8,0.8,0.85,0.4,0.3,0.25,0.35,7000,0.85,4.3,3220,A,WB,GN
ESG011,esg,ITA,0.85,0.9,0.8,0.35,0.25,0.15,0.35,5000,0.90,3.4,2400,A,ESG,GN
ESG012,esg,ESP,0.8,0.85,0.75,0.4,0.3,0.2,0.4,4000,0.84,4.6,1760,A,ESG,GN
ESG013,esg,KOR,0.9,0.95,0.85,0.3,0.2,0.1,0.3,6000,0.95,2.4,3060,A,WIPO,ESG
ESG014,esg,SGP,0.85,0.9,0.8,0.3,0.2,0.15,0.25,5000,0.93,2.7,2550,A,ESG,GN
ESG015,esg,ARG,0.8,0.8,0.75,0.45,0.35,0.25,0.5,3000,0.80,5.5,1290,A,ESG,GN
INF016,inf,IND,0.85,0.9,0.8,0.4,0.3,0.15,0.4,7000,0.89,3.6,3150,A,WB,GN
INF017,inf,CHN,0.9,0.85,0.9,0.35,0.25,0.2,0.35,15000,0.90,3.2,7200,A,WB,GN
INF018,inf,UAE,0.9,0.8,0.85,0.4,0.3,0.25,0.35,10000,0.85,4.2,4600,A,WIPO,WB,GN
INF019,inf,SAU,0.95,0.85,0.9,0.45,0.35,0.3,0.4,20000,0.89,4.8,9000,A,WIPO,PB,GN
INF020,inf,SGP,0.95,0.9,0.85,0.2,0.15,0.2,0.25,6000,0.95,2.0,3180,A,WIPO,PB,GN
ESG016,esg,USA,0.6,0.3,0.7,0.5,0.4,0.5,0.35,8000,0.42,11.0,2000,R,ESG,GN
ESG017,esg,GBR,0.85,0.9,0.8,0.35,0.25,0.15,0.35,6000,0.90,3.4,2880,A,ESG,GN
ESG018,esg,FRA,0.8,0.85,0.75,0.4,0.3,0.2,0.4,5000,0.84,4.6,2200,A,ESG,GN
ESG019,esg,JPN,0.9,0.9,0.85,0.3,0.2,0.15,0.3,7000,0.93,2.7,3570,A,WIPO,ESG
ESG020,esg,CAN,0.85,0.95,0.8,0.35,0.25,0.1,0.35,6000,0.93,2.8,3060,A,ESG,GN
INF021,inf,AUS,0.85,0.85,0.8,0.35,0.25,0.15,0.3,9000,0.91,3.1,4320,A,PB,GN
INF022,inf,DEU,0.9,0.8,0.85,0.3,0.2,0.2,0.25,11000,0.92,2.7,5280,A,WIPO,PB
INF023,inf,CAN,0.8,0.85,0.9,0.35,0.25,0.15,0.3,7000,0.91,3.0,3360,A,WB,GN
INF024,inf,BRA,0.85,0.8,0.8,0.4,0.3,0.25,0.4,6000,0.84,4.5,2700,A,WB,GN
INF025,inf,ITA,0.8,0.85,0.75,0.45,0.35,0.2,0.35,5000,0.83,4.7,2150,A,WB,GN
ESG021,esg,IND,0.8,0.9,0.75,0.4,0.3,0.15,0.45,4000,0.86,4.2,1840,A,ESG,GN
ESG022,esg,BRA,0.75,0.85,0.7,0.45,0.35,0.25,0.5,3000,0.80,5.4,1290,A,ESG,GN
ESG023,esg,MEX,0.8,0.8,0.75,0.4,0.3,0.2,0.45,3500,0.83,4.8,1505,A,ESG,GN
ESG024,esg,ITA,0.85,0.9,0.8,0.35,0.25,0.15,0.35,5000,0.90,3.4,2400,A,ESG,GN
ESG025,esg,ESP,0.8,0.85,0.75,0.4,0.3,0.2,0.4,4000,0.84,4.6,1760,A,ESG,GN
INF026,inf,KOR,0.9,0.85,0.9,0.3,0.2,0.15,0.25,12000,0.94,2.5,6120,A,WIPO,PB
INF027,inf,ARG,0.8,0.8,0.75,0.45,0.35,0.25,0.45,5000,0.80,5.3,2150,A,WB,GN
INF028,inf,CHL,0.85,0.85,0.8,0.4,0.3,0.2,0.4,6000,0.86,4.2,2760,A,WB,GN
INF029,inf,TUR,0.8,0.8,0.85,0.4,0.3,0.25,0.35,7000,0.85,4.3,3220,A,WB,GN
INF030,inf,IND,0.85,0.9,0.8,0.4,0.3,0.15,0.4,7000,0.89,3.6,3150,A,WB,GN
ESG026,esg,KOR,0.9,0.95,0.85,0.3,0.2,0.1,0.3,6000,0.95,2.4,3060,A,WIPO,ESG
ESG027,esg,SGP,0.85,0.9,0.8,0.3,0.2,0.15,0.25,5000,0.93,2.7,2550,A,ESG,GN
ESG028,esg,ARG,0.8,0.8,0.75,0.45,0.35,0.25,0.5,3000,0.80,5.5,1290,A,ESG,GN
ESG029,esg,USA,0.6,0.3,0.7,0.5,0.4,0.5,0.35,8000,0.42,11.0,2000,R,ESG,GN
ESG030,esg,GBR,0.85,0.9,0.8,0.35,0.25,0.15,0.35,6000,0.90,3.4,2880,A,ESG,GN
INF031,inf,CHN,0.9,0.85,0.9,0.35,0.25,0.2,0.35,15000,0.90,3.2,7200,A,WB,GN
INF032,inf,UAE,0.9,0.8,0.85,0.4,0.3,0.25,0.35,10000,0.85,4.2,2250,A,WB,GN
INF033,inf,SAU,0.95,0.85,0.9,0.45,0.35,0.3,0.4,20000,0,0.89,0.00,9000,A,WIPO,PB,GN
INF034,inf,SGP,0.95,0.9,0.85,0.2,0.15,0.2,0.25,6000,0.95,2.0,3180,A,WIPO,PB,GN
INF035,inf,AUS,0.85,0.85,0.8,0.35,0.25,0.15,0.3,9000,0.91,3.1,4320,A,PB,GN
ESG031,esg,FRA,0.8,0.85,0.75,0.4,0.3,0.2,0.4,5000,0.84,4.6,2200,A,ESG,GN
ESG032,esg,JPN,0.9,0.9,0.85,0.3,0.2,0.15,0.3,7000,0.93,2.7,3570,A,WIPO,ESG
ESG033,esg,CAN,0.85,0.95,0.8,0.35,0.25,0.1,0.35,6000,0.93,2.8,3060,A,ESG,GN
ESG034,esg,IND,0.8,0.9,0.75,0.4,0.3,0.15,0.45,4000,0.86,4.2,1840,A,ESG,GN
ESG035,esg,BRA,0.75,0.85,0.7,0.45,0.35,0.25,0.5,3000,0.80,5.4,1290,A,ESG,GN
INF036,inf,DEU,0.9,0.8,0.85,0.3,0.2,0.2,0.25,11000,0.92,2.7,5280,A,WIPO,PB
INF037,inf,CAN,0.8,0.85,0.9,0.35,0.25,0.15,0.3,7000,0.91,3.0,3360,A,WB,GN
INF038,inf,BRA,0.85,0.8,0.8,0.4,0.3,0.25,0.4,6000,0.84,4.5,2700,A,WB,GN
INF039,inf,ITA,0.8,0.85,0.75,0.45,0.35,0.2,0.35,5000,0.83,4.7,2150,A,WB,GN
INF040,inf,MEX,0.75,0.8,0.8,0.45,0.35,0.25,0.45,4000,0.80,5.2,1720,A,WB,GN
ESG036,esg,MEX,0.8,0.8,0.75,0.4,0.3,0.2,0.45,3500,0.83,4.8,1505,A,ESG,GN
ESG037,esg,ITA,0.85,0.9,0.8,0.35,0.25,0.15,0.35,5000,0.90,3.4,2400,A,ESG,GN
ESG038,esg,ESP,0.8,0.85,0.75,0.4,0.3,0.2,0.4,4000,0.84,4.6,1760,A,ESG,GN
ESG039,esg,KOR,0.9,0.95,0.85,0.3,0.2,0.1,0.3,6000,0.95,2.4,3060,A,WIPO,ESG
ESG040,esg,SGP,0.85,0.9,0.8,0.3,0.2,0.15,0.25,5000,0.93,2.7,2550,A,ESG,GN
INF041,inf,RUS,0.85,0.8,0.85,0.4,0.3,0.2,0.35,8000,0.86,4.1,3680,A,WB,GN
INF042,inf,ESP,0.85,0.8,0.85,0.35,0.25,0.2,0.3,9000,0.90,3.2,4320,A,WB,GN
INF043,inf,KOR,0.9,0.85,0.9,0.3,0.2,0.15,0.25,12000,0.94,2.5,6120,A,WIPO,PB
INF044,inf,ARG,0.8,0.8,0.75,0.45,0.35,0.25,0.45,5000,0.80,5.3,2150,A,WB,GN
INF045,inf,CHL,0.85,0.85,0.8,0.4,0.3,0.2,0.4,6000,0.86,4.2,2760,A,WB,GN
ESG041,esg,ARG,0.8,0.8,0.75,0.45,0.35,0.25,0.5,3000,0.80,5.5,1290,A,ESG,GN
ESG042,esg,USA,0.6,0.3,0.7,0.5,0.4,0.5,0.35,8000,0.42,11.0,2000,R,ESG,GN
ESG043,esg,GBR,0.85,0.9,0.8,0.35,0.25,0.15,0.35,6000,0.90,3.4,2880,A,ESG,GN
ESG044,esg,FRA,0.8,0.85,0.75,0.4,0.3,0.2,0.4,5000,0.84,4.6,2200,A,ESG,GN
ESG045,esg,JPN,0.9,0.9,0.85,0.3,0.2,0.15,0.3,7000,0.93,2.7,3570,A,WIPO,ESG
INF046,inf,TUR,0.8,0.8,0.85,0.4,0.3,0.25,0.35,7000,0.85,4.3,3220,A,WB,GN
INF047,inf,IND,0.85,0.9,0.8,0.4,0.3,0.15,0.4,7000,0.89,3.6,3150,A,WB,GN
INF048,inf,CHN,0.9,0.85,0.9,0.35,0.25,0.2,0.35,15000,0.90,3.2,7200,A,WB,GN
INF049,inf,UAE,0.9,0.8,0.85,0.4,0.3,0.25,0.35,10000,0.85,4.2,4600,A,WIPO,WB,GN
INF050,inf,SAU,0.95,0.85,0.9,0.45,0.35,0.3,0.4,20000,0.89,4.8,9000,A,WIPO,PB,GN
ESG046,esg,CAN,0.85,0.95,0.8,0.35,0.25,0.1,0.35,6000,0.93,2.8,3060,A,ESG,GN
ESG047,esg,IND,0.8,0.9,0.75,0.4,0.3,0.15,0.45,4000,0.86,4.2,1840,A,ESG,GN
ESG048,esg,BRA,0.75,0.85,0.7,0.45,0.35,0.25,0.5,3000,0.80,5.4,1290,A,ESG,GN
ESG049,esg,MEX,0.8,0.8,0.75,0.4,0.3,0.2,0.45,3500,0.83,4.8,1505,A,ESG,GN
ESG050,esg,ITA,0.85,0.9,0.8,0.35,0.25,0.15,0.35,5000,0.90,3.4,2400,A,ESG,GN
INF051,inf,SGP,0.95,0.9,0.85,0.2,0.15,0.2,0.25,6000,0.95,2.0,3180,A,WIPO,PB,GN
INF052,inf,AUS,0.85,0.85,0.8,0.35,0.25,0.15,0.3,9000,0.91,3.1,4320,A,PB,GN
INF053,inf,DEU,0.9,0.8,0.85,0.3,0.2,0.2,0.25,11000,0.92,2.7,5280,A,WIPO,PB
INF054,inf,CAN,0.8,0.85,0.9,0.35,0.25,0.15,0.3,7000,0.91,3.0,3360,A,WB,GN
INF055,inf,BRA,0.85,0.8,0.8,0.4,0.3,0.25,0.4,6000,0.84,4.5,2700,A,WB,GN
ESG051,esg,ESP,0.8,0.85,0.75,0.4,0.3,0.2,0.4,4000,0.84,4.6,1760,A,ESG,GN
ESG052,esg,KOR,0.9,0.95,0.85,0.3,0.2,0.1,0.3,6000,0.95,2.4,3060,A,WIPO,ESG
ESG053,esg,SGP,0.85,0.9,0.8,0.3,0.2,0.15,0.25,5000,0.93,2.7,2550,A,ESG,GN
ESG054,esg,ARG,0.8,0.8,0.75,0.45,0.35,0.25,0.5,3000,0.80,5.5,1290,A,ESG,GN
ESG055,esg,USA,0.6,0.3,0.7,0.5,0.4,0.5,0.35,8000,0.42,11.0,2000,R,ESG,GN
INF056,inf,ITA,0.8,0.85,0.75,0.45,0.35,0.2,0.35,5000,0.83,4.7,2150,A,WB,GN
INF057,inf,MEX,0.75,0.8,0.8,0.45,0.35,0.25,0.45,4000,0.80,5.2,1720,A,WB,GN
INF058,inf,RUS,0.85,0.8,0.85,0.4,0.3,0.2,0.35,8000,0.86,4.1,3680,A,WB,GN
INF059,inf,ESP,0.85,0.8,0.85,0.35,0.25,0.2,0.3,9000,0.90,3.2,4320,A,WB,GN
INF060,inf,KOR,0.9,0.85,0.9,0.3,0.2,0.15,0.25,12000,0.94,2.5,6120,A,WIPO,PB
ESG056,esg,GBR,0.85,0.9,0.8,0.35,0.25,0.15,0.35,6000,0.90,3.4,2880,A,ESG,GN
ESG057,esg,FRA,0.8,0.85,0.75,0.4,0.3,0.2,0.4,5000,0.84,4.6,2200,A,ESG,GN
ESG058,esg,JPN,0.9,0.9,0.85,0.3,0.2,0.15,0.3,7000,0.93,2.7,3570,A,WIPO,ESG
ESG059,esg,CAN,0.85,0.95,0.8,0.35,0.25,0.1,0.35,6000,0.93,2.8,3060,A,ESG,GN
ESG060,esg,IND,0.8,0.9,0.75,0.4,0.3,0.15,0.45,4000,0.86,4.2,1840,A,ESG,GN
INF061,inf,ARG,0.8,0.8,0.75,0.45,0.35,0.25,0.45,5000,0.80,5.3,2150,A,WB,GN
INF062,inf,CHL,0.85,0.85,0.8,0.4,0.3,0.2,0.4,6000,0.86,4.2,2760,A,WB,GN
INF063,inf,TUR,0.8,0.8,0.85,0.4,0.3,0.25,0.35,7000,0.85,4.3,3220,A,WB,GN
INF064,inf,IND,0.85,0.9,0.8,0.4,0.3,0.15,0.4,7000,0.89,3.6,3150,A,WB,GN
INF065,inf,CHN,0.9,0.85,0.9,0.35,0.25,0.2,0.35,15000,0.90,3.2,7200,A,WB,GN
ESG061,esg,BRA,0.75,0.85,0.7,0.45,0.35,0.25,0.5,3000,0.80,5.4,1290,A,ESG,GN
ESG062,esg,MEX,0.8,0.8,0.75,0.4,0.3,0.2,0.45,3500,0.83,4.8,1505,A,ESG,GN
ESG063,esg,ITA,0.85,0.9,0.8,0.35,0.25,0.15,0.35,5000,0.90,3.4,2400,A,ESG,GN
ESG064,esg,ESP,0.8,0.85,0.75,0.4,0.3,0.2,0.4,4000,0.84,4.6,1760,A,ESG,GN
ESG065,esg,KOR,0.9,0.95,0.85,0.3,0.2,0.1,0.3,6000,0.95,2.4,3060,A,WIPO,ESG
INF066,inf,UAE,0.9,0.8,0.85,0.4,0.3,0.25,0.35,10000,0.85,4.2,4600,A,WIPO,WB,GN
INF067,inf,SAU,0.95,0.85,0.9,0.45,0.35,0.3,0.4,20000,0.89,4.8,9000,A,WIPO,PB,GN
INF068,inf,SGP,0.95,0.9,0.85,0.2,0.15,0.2,0.25,6000,0.95,2.0,3180,A,WIPO,PB,GN
INF069,inf,AUS,0.85,0.85,0.8,0.35,0.25,0.15,0.3,9000,0.91,3.1,4320,A,PB,GN
INF070,inf,DEU,0.9,0.8,0.85,0.3,0.2,0.2,0.25,11000,0.92,2.7,5280,A,WIPO,PB
ESG066,esg,SGP,0.85,0.9,0.8,0.3,0.2,0.15,0.25,5000,0.93,2.7,2550,A,ESG,GN
ESG067,esg,ARG,0.8,0.8,0.75,0.45,0.35,0.25,0.5,3000,0.80,5.5,1290,A,ESG,GN
ESG068,esg,USA,0.6,0.3,0.7,0.5,0.4,0.5,0.35,8000,0.42,11.0,2000,R,ESG,GN
ESG069,esg,GBR,0.85,0.9,0.8,0.35,0.25,0.15,0.35,6000,0.90,3.4,2880,A,ESG,GN
ESG070,esg,FRA,0.8,0.85,0.75,0.4,0.3,0.2,0.4,5000,0.84,4.6,2200,A,ESG,GN
INF071,inf,CAN,0.8,0.85,0.9,0.35,0.25,0.15,0.3,7000,0.91,3.0,3360,A,WB,GN
INF072,inf,BRA,0.85,0.8,0.8,0.4,0.3,0.25,0.4,6000,0.84,4.5,2700,A,WB,GN
INF073,inf,ITA,0.8,0.85,0.75,0.45,0.35,0.2,0.35,5000,0.83,4.7,2150,A,WB,GN
INF074,inf,MEX,0.75,0.8,0.8,0.45,0.35,0.25,0.45,4000,0.80,5.2,1720,A,WB,GN
INF075,inf,RUS,0.85,0.8,0.85,0.4,0.3,0.2,0.35,8000,0.86,4.1,3680,A,WB,GN
ESG071,esg,JPN,0.9,0.9,0.85,0.3,0.2,0.15,0.3,7000,0.93,2.7,3570,A,WIPO,ESG
ESG072,esg,CAN,0.85,0.95,0.8,0.35,0.25,0.1,0.35,6000,0.93,2.8,3060,A,ESG,GN
ESG073,esg,IND,0.8,0.9,0.75,0.4,0.3,0.15,0.45,4000,0.86,4.2,1840,A,ESG,GN
ESG074,esg,BRA,0.75,0.85,0.7,0.45,0.35,0.25,0.5,3000,0.80,5.4,1290,A,ESG,GN
ESG075,esg,MEX,0.8,0.8,0.75,0.4,0.3,0.2,0.45,3500,0.83,4.8,1505,A,ESG,GN
ESG076,esg,ITA,0.85,0.9,0.8,0.35,0.25,0.15,0.35,5000,0.90,3.4,2400,A,ESG,GN
ESG077,esg,ESP,0.8,0.85,0.75,0.4,0.3,0.2,0.4,4000,0.84,4.6,1760,A,ESG,GN
ESG078,esg,KOR,0.9,0.95,0.85,0.3,0.2,0.1,0.3,6000,0.95,2.4,3060,A,WIPO,ESG
ESG079,esg,SGP,0.85,0.9,0.8,0.3,0.2,0.15,0.25,5000,0.93,2.7,2550,A,ESG,GN
ESG080,esg,ARG,0.8,0.8,0.75,0.45,0.35,0.25,0.5,3000,0.80,5.5,1290,A,ESG,GN
ESG081,esg,USA,0.6,0.3,0.7,0.5,0.4,0.5,0.35,8000,0.42,11.0,2000,R,ESG,GN
ESG082,esg,GBR,0.85,0.9,0.8,0.35,0.25,0.15,0.35,6000,0.90,3.4,2880,A,ESG,GN
ESG083,esg,FRA,0.8,0.85,0.75,0.4,0.3,0.2,0.4,5000,0.84,4.6,2200,A,ESG,GN
ESG084,esg,JPN,0.9,0.9,0.85,0.3,0.2,0.15,0.3,7000,0.93,2.7,3570,A,WIPO,ESG
ESG085,esg,CAN,0.85,0.95,0.8,0.35,0.25,0.1,0.35,6000,0.93,2.8,3060,A,ESG,GN
ESG086,esg,IND,0.8,0.9,0.75,0.4,0.3,0.15,0.45,4000,0.86,4.2,1840,A,ESG,GN
ESG087,esg,BRA,0.75,0.85,0.7,0.45,0.35,0.25,0.5,3000,0.80,5.4,1290,A,ESG,GN
ESG088,esg,MEX,0.8,0.8,0.75,0.4,0.3,0.2,0.45,3500,0.83,4.8,1505,A,ESG,GN
ESG089,esg,ITA,0.85,0.9,0.8,0.35,0.25,0.15,0.35,5000,0.90,3.4,2400,A,ESG,GN
ESG090,esg,ESP,0.8,0.85,0.75,0.4,0.3,0.2,0.4,4000,0.84,4.6,1760,A,ESG,GN
ESG091,esg,KOR,0.9,0.95,0.85,0.3,0.2,0.1,0.3,6000,0.95,2.4,3060,A,WIPO,ESG
ESG092,esg,SGP,0.85,0.9,0.8,0.3,0.2,0.15,0.25,5000,0.93,2.7,2550,A,ESG,GN
ESG093,esg,ARG,0.8,0.8,0.75,0.45,0.35,0.25,0.5,3000,0.80,5.5,1290,A,ESG,GN
ESG094,esg,USA,0.6,0.3,0.7,0.5,0.4,0.5,0.35,8000,0.42,11.0,2000,R,ESG,GN
ESG095,esg,GBR,0.85,0.9,0.8,0.35,0.25,0.15,0.35,6000,0.90,3.4,2880,A,ESG,GN
ESG096,esg,FRA,0.8,0.85,0.75,0.4,0.3,0.2,0.4,5000,0.84,4.6,2200,A,ESG,GN
ESG097,esg,JPN,0.9,0.9,0.85,0.3,0.2,0.15,0.3,7000,0.93,2.7,3570,A,WIPO,ESG
ESG098,esg,CAN,0.85,0.95,0.8,0.35,0.25,0.1,0.35,6000,0.93,2.8,3060,A,ESG,GN
ESG099,esg,IND,0.8,0.9,0.75,0.4,0.3,0.15,0.45,4000,0.86,4.2,1840,A,ESG,GN
ESG100,esg,BRA,0.75,0.85,0.7,0.45,0.35,0.25,0.5,3000,0.80,5.4,1290,A,ESG,GN
AI001,ai,EU,0.9,0.85,0.8,0.4,0.3,0.3,0.25,2000,0.85,4.1,940,A,WIPO,ESG,GN
AI002,ai,RUS,0.95,0.9,0.85,0.35,0.25,0.2,0.3,1500,0.91,3.1,750,A,WIPO,PB,GN
AI003,ai,USA,0.7,0.5,0.6,0.6,0.4,0.5,0.35,5000,0.45,10.3,1400,R,WIPO,ESG,GN
AI004,ai,CHN,0.9,0.85,0.8,0.4,0.3,0.25,0.35,3000,0.86,4.0,1380,A,WIPO,GN
AI005,ai,JPN,0.85,0.9,0.8,0.35,0.25,0.2,0.3,2500,0.90,3.3,1200,A,WIPO,ESG
AI006,ai,IND,0.8,0.85,0.75,0.4,0.3,0.25,0.4,2000,0.83,4.8,880,A,ESG,GN
AI007,ai,GBR,0.9,0.85,0.85,0.35,0.25,0.15,0.3,3000,0.91,3.1,1440,A,WIPO,PB
AI008,ai,FRA,0.85,0.8,0.8,0.4,0.3,0.2,0.35,2500,0.86,4.0,1150,A,ESG,GN
AI009,ai,CAN,0.8,0.9,0.75,0.35,0.25,0.15,0.3,2000,0.90,3.2,960,A,ESG,GN
AI010,ai,KOR,0.9,0.85,0.8,0.3,0.2,0.2,0.25,2500,0.92,2.8,1275,A,WIPO,ESG
AI011,ai,SGP,0.85,0.9,0.8,0.3,0.2,0.15,0.25,2000,0.93,2.7,1020,A,ESG,GN
AI012,ai,AUS,0.8,0.85,0.75,0.35,0.25,0.2,0.3,2000,0.88,3.5,960,A,ESG,GN
AI013,ai,DEU,0.9,0.8,0.85,0.4,0.3,0.25,0.35,3000,0.85,4.2,1380,A,WIPO,PB
AI014,ai,ITA,0.85,0.85,0.8,0.4,0.3,0.2,0.35,2500,0.86,4.1,1150,A,ESG,GN
AI015,ai,ESP,0.8,0.8,0.75,0.4,0.3,0.25,0.4,2000,0.83,4.8,880,A,ESG,GN
AI016,ai,BRA,0.75,0.8,0.7,0.45,0.35,0.3,0.45,1500,0.78,5.8,645,A,ESG,GN
AI017,ai,MEX,0.8,0.75,0.75,0.4,0.3,0.25,0.4,1500,0.82,4.9,660,A,ESG,GN
AI018,ai,ARG,0.75,0.8,0.7,0.45,0.35,0.3,0.45,1500,0.78,5.8,645,A,ESG,GN
AI019,ai,CHN,0.9,0.85,0.8,0.4,0.3,0.25,0.35,3000,0.86,4.0,1380,A,WIPO,GN
AI020,ai,IND,0.8,0.85,0.75,0.4,0.3,0.25,0.4,2000,0.83,4.8,880,A,ESG,GN
AI021,ai,USA,0.7,0.5,0.6,0.6,0.4,0.5,0.35,5000,0.45,10.3,1400,R,WIPO,ESG,GN
AI022,ai,RUS,0.95,0.9,0.85,0.35,0.25,0.2,0.3,1500,0.91,3.1,750,A,WIPO,PB,GN
AI023,ai,JPN,0.85,0.9,0.8,0.35,0.25,0.2,0.3,2500,0.90,3.3,1200,A,WIPO,ESG
AI024,ai,GBR,0.9,0.85,0.85,0.35,0.25,0.15,0.3,3000,0.91,3.1,1440,A,WIPO,PB
AI025,ai,FRA,0.85,0.8,0.8,0.4,0.3,0.2,0.35,2500,0.86,4.0,1150,A,ESG,GN
AI026,ai,CAN,0.8,0.9,0.75,0.35,0.25,0.15,0.3,2000,0.90,3.2,960,A,ESG,GN
AI027,ai,KOR,0.9,0.85,0.8,0.3,0.2,0.2,0.25,2500,0.92,2.8,1275,A,WIPO,ESG
AI028,ai,SGP,0.85,0.9,0.8,0.3,0.2,0.15,0.25,2000,0.93,2.7,1020,A,ESG,GN
AI029,ai,AUS,0.8,0.85,0.75,0.35,0.25,0.2,0.3,2000,0.88,3.5,960,A,ESG,GN
AI030,ai,DEU,0.9,0.8,0.85,0.4,0.3,0.25,0.35,3000,0.85,4.2,1380,A,WIPO,PB
AI031,ai,ITA,0.85,0.85,0.8,0.4,0.3,0.2,0.35,2500,0.86,4.1,1150,A,ESG,GN
AI032,ai,ESP,0.8,0.8,0.75,0.4,0.3,0.25,0.4,2000,0.83,4.8,880,A,ESG,GN
AI033,ai,BRA,0.75,0.8,0.7,0.45,0.35,0.3,0.45,1500,0.78,5.8,645,A,ESG,GN
AI034,ai,MEX,0.8,0.75,0.75,0.4,0.3,0.25,0.4,1500,0.82,4.9,660,A,ESG,GN
AI035,ai,ARG,0.75,0.8,0.7,0.45,0.35,0.3,0.45,1500,0.78,5.8,645,A,ESG,GN
AI036,ai,CHN,0.9,0.85,0.8,0.4,0.3,0.25,0.35,3000,0.86,4.0,1380,A,WIPO,GN
AI037,ai,IND,0.8,0.85,0.75,0.4,0.3,0.25,0.4,2000,0.83,4.8,880,A,ESG,GN
AI038,ai,USA,0.7,0.5,0.6,0.6,0.4,0.5,0.35,5000,0.45,10.3,1400,R,WIPO,ESG,GN
AI039,ai,RUS,0.95,0.9,0.85,0.35,0.25,0.2,0.3,1500,0.91,3.1,750,A,WIPO,PB,GN
AI040,ai,JPN,0.85,0.9,0.8,0.35,0.25,0.2,0.3,2500,0.90,3.3,1200,A,WIPO,ESG
AI041,ai,GBR,0.9,0.85,0.85,0.35,0.25,0.15,0.3,3000,0.91,3.1,1440,A,WIPO,PB
AI042,ai,FRA,0.85,0.8,0.8,0.4,0.3,0.2,0.35,2500,0.86,4.0,1150,A,ESG,GN
AI043,ai,CAN,0.8,0.9,0.75,0.35,0.25,0.15,0.3,2000,0.90,3.2,960,A,ESG,GN
AI044,ai,KOR,0.9,0.85,0.8,0.3,0.2,0.2,0.25,2500,0.92,2.8,1275,A,WIPO,ESG
AI045,ai,SGP,0.85,0.9,0.8,0.3,0.2,0.15,0.25,2000,0.93,2.7,1020,A,ESG,GN
AI046,ai,AUS,0.8,0.85,0.75,0.35,0.25,0.2,0.3,2000,0.88,3.5,960,A,ESG,GN
AI047,ai,DEU,0.9,0.8,0.85,0.4,0.3,0.25,0.35,3000,0.85,4.2,1380,A,WIPO,PB
AI048,ai,ITA,0.85,0.85,0.8,0.4,0.3,0.2,0.35,2500,0.86,4.1,1150,A,ESG,GN
AI049,ai,ESP,0.8,0.8,0.75,0.4,0.3,0.25,0.4,2000,0.83,4.8,880,A,ESG,GN
AI050,ai,BRA,0.75,0.8,0.7,0.45,0.35,0.3,0.45,1500,0.78,5.8,645,A,ESG,GN
AI051,ai,MEX,0.8,0.75,0.75,0.4,0.3,0.25,0.4,1500,0.82,4.9,660,A,ESG,GN
AI052,ai,ARG,0.75,0.8,0.7,0.45,0.35,0.3,0.45,1500,0.78,5.8,645,A,ESG,GN
AI053,ai,CHN,0.9,0.85,0.8,0.4,0.3,0.25,0.35,3000,0.86,4.0,1380,A,WIPO,GN
AI054,ai,IND,0.8,0.85,0.75,0.4,0.3,0.25,0.4,2000,0.83,4.8,880,A,ESG,GN
AI055,ai,USA,0.7,0.5,0.6,0.6,0.4,0.5,0.35,5000,0.45,10.3,1400,R,WIPO,ESG,GN
AI056,ai,RUS,0.95,0.9,0.85,0.35,0.25,0.2,0.3,1500,0.91,3.1,750,A,WIPO,PB,GN
AI057,ai,JPN,0.85,0.9,0.8,0.35,0.25,0.2,0.3,2500,0.90,3.3,1200,A,WIPO,ESG
AI058,ai,GBR,0.9,0.85,0.85,0.35,0.25,0.15,0.3,3000,0.91,3.1,1440,A,WIPO,PB
AI059,ai,FRA,0.85,0.8,0.8,0.4,0.3,0.2,0.35,2500,0.86,4.0,1150,A,ESG,GN
AI060,ai,CAN,0.8,0.9,0.75,0.35,0.25,0.15,0.3,2000,0.90,3.2,960,A,ESG,GN
AI061,ai,KOR,0.9,0.85,0.8,0.3,0.2,0.2,0.25,2500,0.92,2.8,1275,A,WIPO,ESG
AI062,ai,SGP,0.85,0.9,0.8,0.3,0.2,0.15,0.25,2000,0.93,2.7,1020,A,ESG,GN
AI063,ai,AUS,0.8,0.85,0.75,0.35,0.25,0.2,0.3,2000,0.88,3.5,960,A,ESG,GN
AI064,ai,DEU,0.9,0.8,0.85,0.4,0.3,0.25,0.35,3000,0.85,4.2,1380,A,WIPO,PB
AI065,ai,ITA,0.85,0.85,0.8,0.4,0.3,0.2,0.35,2500,0.86,4.1,1150,A,ESG,GN
AI066,ai,ESP,0.8,0.8,0.75,0.4,0.3,0.25,0.4,2000,0.83,4.8,880,A,ESG,GN
AI067,ai,BRA,0.75,0.8,0.7,0.45,0.35,0.3,0.45,1500,0.78,5.8,645,A,ESG,GN
AI068,ai,MEX,0.8,0.75,0.75,0.4,0.3,0.25,0.4,1500,0.82,4.9,660,A,ESG,GN
AI069,ai,ARG,0.75,0.8,0.7,0.45,0.35,0.3,0.45,1500,0.78,5.8,645,A,ESG,GN
AI070,ai,CHN,0.9,0.85,0.8,0.4,0.3,0.25,0.35,3000,0.86,4.0,1380,A,WIPO,GN
AI071,ai,IND,0.8,0.85,0.75,0.4,0.3,0.25,0.4,2000,0.83,4.8,880,A,ESG,GN
AI072,ai,USA,0.7,0.5,0.6,0.6,0.4,0.5,0.35,5000,0.45,10.3,1400,R,WIPO,ESG,GN
AI073,ai,RUS,0.95,0.9,0.85,0.35,0.25,0.2,0.3,1500,0.91,3.1,750,A,WIPO,PB,GN
AI074,ai,JPN,0.85,0.9,0.8,0.35,0.25,0.2,0.3,2500,0.90,3.3,1200,A,WIPO,ESG
AI075,ai,GBR,0.9,0.85,0.85,0.35,0.25,0.15,0.3,3000,0.91,3.1,1440,A,WIPO,PB
FIN001,fin,UAE,0.85,0.8,0.9,0.25,0.2,0.15,0.3,500,0.89,2.5,245,A,PB,WB,GN
FIN002,fin,KAZ,0.8,0.85,0.85,0.3,0.25,0.15,0.35,300,0.90,2.8,141,A,PB,WB,GN
FIN003,fin,KAZ,0.75,0.9,0.8,0.35,0.3,0.2,0.4,200,0.88,3.5,90,A,PB,WB,GN
FIN004,fin,CHN,0.9,0.85,0.8,0.4,0.3,0.25,0.35,1000,0.87,3.9,460,A,WIPO,PB,GN
FIN005,fin,IND,0.8,0.85,0.75,0.4,0.3,0.2,0.4,500,0.84,4.6,220,A,PB,GN
FIN006,fin,USA,0.85,0.8,0.9,0.35,0.25,0.15,0.3,1000,0.91,3.0,480,A,PB,WB,GN
FIN007,fin,GBR,0.9,0.85,0.85,0.3,0.2,0.15,0.25,800,0.93,2.5,408,A,WIPO,PB
FIN008,fin,FRA,0.8,0.8,0.75,0.4,0.3,0.2,0.35,600,0.84,4.5,264,A,PB,GN
FIN009,fin,JPN,0.85,0.85,0.8,0.35,0.25,0.15,0.3,700,0.90,3.2,336,A,PB,GN
FIN010,fin,KOR,0.9,0.8,0.85,0.3,0.2,0.2,0.25,600,0.92,2.7,288,A,WIPO,PB
FIN011,fin,SGP,0.85,0.9,0.8,0.3,0.2,0.15,0.25,500,0.93,2.7,255,A,PB,GN
FIN012,fin,AUS,0.8,0.85,0.75,0.35,0.25,0.2,0.3,500,0.88,3.5,240,A,PB,GN
FIN013,fin,DEU,0.85,0.8,0.85,0.4,0.3,0.2,0.35,600,0.86,4.1,276,A,PB,GN
FIN014,fin,ITA,0.8,0.85,0.8,0.4,0.3,0.2,0.35,500,0.86,4.1,230,A,PB,GN
FIN015,fin,ESP,0.8,0.8,0.75,0.4,0.3,0.25,0.4,400,0.83,4.8,176,A,PB,GN
FIN016,fin,BRA,0.75,0.8,0.7,0.45,0.35,0.3,0.45,300,0.78,5.8,129,A,PB,GN
FIN017,fin,MEX,0.8,0.75,0.75,0.4,0.3,0.25,0.4,300,0.82,4.9,132,A,PB,GN
FIN018,fin,ARG,0.75,0.8,0.7,0.45,0.35,0.3,0.45,300,0.78,5.8,129,A,PB,GN
FIN019,fin,CHN,0.9,0.85,0.8,0.4,0.3,0.25,0.35,800,0.86,4.0,368,A,WIPO,PB,GN
FIN020,fin,IND,0.8,0.85,0.75,0.4,0.3,0.2,0.4,500,0.84,4.6,220,A,PB,GN
FIN021,fin,USA,0.85,0.8,0.9,0.35,0.25,0.15,0.3,1000,0.91,3.0,480,A,PB,WB,GN
FIN022,fin,GBR,0.9,0.85,0.85,0.3,0.2,0.15,0.25,800,0.93,2.5,408,A,WIPO,PB
FIN023,fin,FRA,0.8,0.8,0.75,0.4,0.3,0.2,0.35,600,0.84,4.5,264,A,PB,GN
FIN024,fin,JPN,0.85,0.85,0.8,0.35,0.25,0.15,0.3,700,0.90,3.2,336,A,PB,GN
FIN025,fin,KOR,0.9,0.8,0.85,0.3,0.2,0.2,0.25,600,0.92,2.7,288,A,WIPO,PB
FIN026,fin,SGP,0.85,0.9,0.8,0.3,0.2,0.15,0.25,500,0.93,2.7,255,A,PB,GN
FIN027,fin,AUS,0.8,0.85,0.75,0.35,0.25,0.2,0.3,500,0.88,3.5,240,A,PB,GN
FIN028,fin,DEU,0.85,0.8,0.85,0.4,0.3,0.2,0.35,600,0.86,4.1,276,A,PB,GN
FIN029,fin,ITA,0.8,0.85,0.8,0.4,0.3,0.2,0.35,500,0.86,4.1,230,A,PB,GN
FIN030,fin,ESP,0.8,0.8,0.75,0.4,0.3,0.25,0.4,400,0.83,4.8,176,A,PB,GN
FIN031,fin,BRA,0.75,0.8,0.7,0.45,0.35,0.3,0.45,300,0.78,5.8,129,A,PB,GN
FIN032,fin,MEX,0.8,0.75,0.75,0.4,0.3,0.25,0.4,300,0.82,4.9,132,A,PB,GN
FIN033,fin,ARG,0.75,0.8,0.7,0.45,0.35,0.3,0.45,300,0.78,5.8,129,A,PB,GN
FIN034,fin,CHN,0.9,0.85,0.8,0.4,0.3,0.25,0.35,800,0.86,4.0,368,A,WIPO,PB,GN
FIN035,fin,IND,0.8,0.85,0.75,0.4,0.3,0.2,0.4,500,0.84,4.6,220,A,PB,GN
FIN036,fin,USA,0.85,0.8,0.9,0.35,0.25,0.15,0.3,1000,0.91,3.0,480,A,PB,WB,GN
FIN037,fin,GBR,0.9,0.85,0.85,0.3,0.2,0.15,0.25,800,0.93,2.5,408,A,WIPO,PB
FIN038,fin,FRA,0.8,0.8,0.75,0.4,0.3,0.2,0.35,600,0.84,4.5,264,A,PB,GN
FIN039,fin,JPN,0.85,0.85,0.8,0.35,0.25,0.15,0.3,700,0.90,3.2,336,A,PB,GN
FIN040,fin,KOR,0.9,0.8,0.85,0.3,0.2,0.2,0.25,600,0.92,2.7,288,A,WIPO,PB
FIN041,fin,SGP,0.85,0.9,0.8,0.3,0.2,0.15,0.25,500,0.93,2.7,255,A,PB,GN
FIN042,fin,AUS,0.8,0.85,0.75,0.35,0.25,0.2,0.3,500,0.88,3.5,240,A,PB,GN
FIN043,fin,DEU,0.85,0.8,0.85,0.4,0.3,0.2,0.35,600,0.86,4.1,276,A,PB,GN
FIN044,fin,ITA,0.8,0.85,0.8,0.4,0.3,0.2,0.35,500,0.86,4.1,230,A,PB,GN
FIN045,fin,ESP,0.8,0.8,0.75,0.4,0.3,0.25,0.4,400,0.83,4.8,176,A,PB,GN
FIN046,fin,BRA,0.75,0.8,0.7,0.45,0.35,0.3,0.45,300,0.78,5.8,129,A,PB,GN
FIN047,fin,MEX,0.8,0.75,0.75,0.4,0.3,0.25,0.4,300,0.82,4.9,132,A,PB,GN
FIN048,fin,ARG,0.75,0.8,0.7,0.45,0.35,0.3,0.45,300,0.78,5.8,129,A,PB,GN
FIN049,fin,CHN,0.9,0.85,0.8,0.4,0.3,0.25,0.35,800,0.86,4.0,368,A,WIPO,PB,GN
FIN050,fin,IND,0.8,0.85,0.75,0.4,0.3,0.2,0.4,500,0.84,4.6,220,A,PB,GN
POL001,pol,EU,0.9,0.85,0.7,0.4,0.3,0.3,0.25,1000,0.85,4.2,460,A,WIPO,ESG,GN
POL002,pol,SGP,0.95,0.9,0.85,0.2,0.15,0.2,0.25,5000,0.95,2.0,2650,A,WIPO,PB,GN
POL003,pol,USA,0.8,0.85,0.7,0.4,0.3,0.25,0.35,2000,0.83,4.8,880,A,WB,GN
POL004,pol,CHN,0.9,0.8,0.75,0.4,0.3,0.25,0.35,3000,0.84,4.5,1320,A,WIPO,GN
POL005,pol,JPN,0.85,0.9,0.8,0.35,0.25,0.2,0.3,2000,0.90,3.3,960,A,WIPO,ESG
POL006,pol,IND,0.8,0.85,0.75,0.4,0.3,0.25,0.4,1500,0.83,4.8,660,A,ESG,GN
POL007,pol,GBR,0.9,0.85,0.8,0.35,0.25,0.15,0.3,2000,0.91,3.1,960,A,WIPO,PB
POL008,pol,FRA,0.85,0.8,0.75,0.4,0.3,0.2,0.35,1500,0.84,4.5,660,A,ESG,GN
POL009,pol,CAN,0.8,0.9,0.75,0.35,0.25,0.15,0.3,1500,0.90,3.2,720,A,ESG,GN
POL010,pol,KOR,0.9,0.85,0.8,0.3,0.2,0.2,0.25,1500,0.92,2.8,765,A,WIPO,ESG
POL011,pol,SGP,0.85,0.9,0.8,0.3,0.2,0.15,0.25,1000,0.93,2.7,510,A,ESG,GN
POL012,pol,AUS,0.8,0.85,0.75,0.35,0.25,0.2,0.3,1000,0.88,3.5,480,A,ESG,GN
POL013,pol,DEU,0.85,0.8,0.85,0.4,0.3,0.2,0.35,1500,0.86,4.1,690,A,WB,GN
POL014,pol,ITA,0.8,0.85,0.8,0.4,0.3,0.2,0.35,1000,0.86,4.1,460,A,WB,GN
POL015,pol,ESP,0.8,0.8,0.75,0.4,0.3,0.25,0.4,1000,0.83,4.8,440,A,WB,GN
POL016,pol,BRA,0.75,0.8,0.7,0.45,0.35,0.3,0.45,800,0.78,5.8,344,A,WB,GN
POL017,pol,MEX,0.8,0.75,0.75,0.4,0.3,0.25,0.4,800,0.82,4.9,352,A,WB,GN
POL018,pol,ARG,0.75,0.8,0.7,0.45,0.35,0.3,0.45,800,0.78,5.8,344,A,WB,GN
POL019,pol,CHN,0.9,0.85,0.8,0.4,0.3,0.25,0.35,2000,0.86,4.0,920,A,WIPO,GN
POL020,pol,IND,0.8,0.85,0.75,0.4,0.3,0.25,0.4,1000,0.83,4.8,440,A,ESG,GN
POL021,pol,USA,0.8,0.85,0.7,0.4,0.3,0.25,0.35,2000,0.83,4.8,880,A,WB,GN
POL022,pol,GBR,0.9,0.85,0.8,0.35,0.25,0.15,0.3,2000,0.91,3.1,960,A,WIPO,PB
POL023,pol,FRA,0.85,0.8,0.75,0.4,0.3,0.2,0.35,1500,0.84,4.5,660,A,ESG,GN
POL024,pol,JPN,0.85,0.9,0.8,0.35,0.25,0.2,0.3,2000,0.90,3.3,960,A,WIPO,ESG
POL025,pol,KOR,0.9,0.85,0.8,0.3,0.2,0.2,0.25,1500,0.92,2.8,765,A,WIPO,ESG
POL026,pol,SGP,0.85,0.9,0.8,0.3,0.2,0.15,0.25,1000,0.93,2.7,510,A,ESG,GN
POL027,pol,AUS,0.8,0.85,0.75,0.35,0.25,0.2,0.3,1000,0.88,3.5,480,A,ESG,GN
POL028,pol,DEU,0.85,0.8,0.85,0.4,0.3,0.2,0.35,1500,0.86,4.1,690,A,WB,GN
POL029,pol,ITA,0.8,0.85,0.8,0.4,0.3,0.2,0.35,1000,0.86,4.1,460,A,WB,GN
POL030,pol,ESP,0.8,0.8,0.75,0.4,0.3,0.25,0.4,1000,0.83,4.8,440,A,WB,GN
POL031,pol,BRA,0.75,0.8,0.7,0.45,0.35,0.3,0.45,800,0.78,5.8,344,A,WB,GN
POL032,pol,MEX,0.8,0.75,0.75,0.4,0.3,0.25,0.4,800,0.82,4.9,352,A,WB,GN
POL033,pol,ARG,0.75,0.8,0.7,0.45,0.35,0.3,0.45,800,0.78,5.8,344,A,WB,GN
POL034,pol,CHN,0.9,0.85,0.8,0.4,0.3,0.25,0.35,2000,0.86,4.0,920,A,WIPO,GN
POL035,pol,IND,0.8,0.85,0.75,0.4,0.3,0.25,0.4,1000,0.83,4.8,440,A,ESG,GN
POL036,pol,USA,0.8,0.85,0.7,0.4,0.3,0.25,0.35,2000,0.83,4.8,880,A,WB,GN
POL037,pol,GBR,0.9,0.85,0.8,0.35,0.25,0.15,0.3,2000,0.91,3.1,960,A,WIPO,PB
POL038,pol,FRA,0.85,0.8,0.75,0.4,0.3,0.2,0.35,1500,0.84,4.5,660,A,ESG,GN
POL039,pol,JPN,0.85,0.9,0.8,0.35,0.25,0.2,0.3,2000,0.90,3.3,960,A,WIPO,ESG
POL040,pol,KOR,0.9,0.85,0.8,0.3,0.2,0.2,0.25,1500,0.92,2.8,765,A,WIPO,ESG
POL041,pol,SGP,0.85,0.9,0.8,0.3,0.2,0.15,0.25,1000,0.93,2.7,510,A,ESG,GN
POL042,pol,AUS,0.8,0.85,0.75,0.35,0.25,0.2,0.3,1000,0.88,3.5,480,A,ESG,GN
POL043,pol,DEU,0.85,0.8,0.85,0.4,0.3,0.2,0.35,1500,0.86,4.1,690,A,WB,GN
POL044,pol,ITA,0.8,0.85,0.8,0.4,0.3,0.2,0.35,1000,0.86,4.1,460,A,WB,GN
POL045,pol,ESP,0.8,0.8,0.75,0.4,0.3,0.25,0.4,1000,0.83,4.8,440,A,WB,GN
POL046,pol,BRA,0.75,0.8,0.7,0.45,0.35,0.3,0.45,800,0.78,5.8,344,A,WB,GN
POL047,pol,MEX,0.8,0.75,0.75,0.4,0.3,0.25,0.4,800,0.82,4.9,352,A,WB,GN
POL048,pol,ARG,0.75,0.8,0.7,0.45,0.35,0.3,0.45,800,0.78,5.8,344,A,WB,GN
POL049,pol,CHN,0.9,0.85,0.8,0.4,0.3,0.25,0.35,2000,0.86,4.0,920,A,WIPO,GN
POL050,pol,IND,0.8,0.85,0.75,0.4,0.3,0.25,0.4,1000,0.83,4.8,440,A,ESG,GN
INF101,inf,ZAF,0.90,0.85,0.80,0.40,0.30,0.25,0.35,8000,0.88,4.0,3600,A,WB,GN
INF102,inf,IND,0.85,0.90,0.75,0.45,0.35,0.20,0.40,7000,0.84,4.5,3150,A,WB,GN
INF103,inf,NLD,0.90,0.80,0.85,0.35,0.25,0.15,0.30,9000,0.92,3.2,4320,A,WIPO,PB
INF104,inf,USA,0.80,0.85,0.80,0.40,0.30,0.25,0.35,12000,0.86,4.1,5760,A,WB,GN
INF105,inf,CHN,0.90,0.85,0.90,0.35,0.25,0.20,0.35,15000,0.90,3.2,7200,A,WB,GN
INF106,inf,JPN,0.85,0.90,0.85,0.30,0.20,0.15,0.30,6000,0.93,2.8,2880,A,WIPO,PB
INF107,inf,SWE,0.90,0.80,0.80,0.40,0.30,0.25,0.35,10000,0.85,4.2,4600,A,WB,GN
INF108,inf,BRA,0.80,0.85,0.75,0.45,0.35,0.20,0.40,5000,0.83,4.7,2150,A,WB,GN
INF109,inf,UAE,0.95,0.85,0.90,0.45,0.35,0.30,0.40,20000,0.89,4.8,9000,A,WIPO,PB
INF110,inf,NZL,0.85,0.90,0.80,0.35,0.25,0.15,0.30,7000,0.91,3.0,3360,A,WB,GN
INF111,inf,SGP,0.95,0.90,0.85,0.20,0.15,0.20,0.25,6000,0.95,2.0,3180,A,WIPO,PB
INF112,inf,FRA,0.80,0.85,0.75,0.40,0.30,0.20,0.35,8000,0.84,4.6,3840,A,WB,GN
INF113,inf,DEU,0.90,0.80,0.85,0.30,0.20,0.15,0.25,11000,0.92,2.7,5280,A,WIPO,PB
INF114,inf,CAN,0.80,0.85,0.90,0.35,0.25,0.15,0.30,7000,0.91,3.0,3360,A,WB,GN
INF115,inf,ITA,0.80,0.85,0.75,0.45,0.35,0.20,0.35,5000,0.83,4.7,2150,A,WB,GN
INF116,inf,MEX,0.75,0.80,0.80,0.45,0.35,0.25,0.40,4000,0.80,5.2,1720,A,WB,GN
INF117,inf,RUS,0.85,0.80,0.80,0.40,0.30,0.20,0.35,8000,0.86,4.1,3680,A,WB,GN
INF118,inf,ESP,0.85,0.80,0.85,0.35,0.25,0.20,0.30,9000,0.90,3.2,4320,A,WB,GN
INF119,inf,KOR,0.90,0.85,0.90,0.30,0.20,0.15,0.25,12000,0.94,2.5,6120,A,WIPO,PB
INF120,inf,ARG,0.80,0.80,0.75,0.45,0.35,0.25,0.40,5000,0.80,5.3,2150,A,WB,GN
INF121,inf,CHL,0.85,0.85,0.80,0.40,0.30,0.20,0.35,6000,0.86,4.2,2760,A,WB,GN
INF122,inf,TUR,0.80,0.80,0.80,0.40,0.30,0.25,0.35,7000,0.85,4.3,3220,A,WB,GN
INF123,inf,NOR,0.90,0.85,0.80,0.35,0.25,0.15,0.30,8000,0.90,3.1,3840,A,WB,GN
INF124,inf,AUS,0.85,0.85,0.80,0.35,0.25,0.15,0.30,9000,0.91,3.1,4320,A,PB,GN
INF125,inf,SAU,0.95,0.85,0.90,0.45,0.35,0.30,0.40,20000,0.89,4.8,9000,A,WIPO,PB
INF126,inf,ZAF,0.85,0.80,0.75,0.40,0.30,0.25,0.35,7000,0.85,4.4,3150,A,WB,GN
INF127,inf,GBR,0.90,0.85,0.85,0.30,0.20,0.15,0.25,10000,0.93,2.5,5100,A,WIPO,PB
INF128,inf,IND,0.80,0.90,0.75,0.45,0.35,0.20,0.40,6000,0.84,4.5,2700,A,WB,GN
INF129,inf,NLD,0.90,0.80,0.80,0.40,0.30,0.25,0.35,9000,0.86,4.0,4320,A,WB,GN
INF130,inf,USA,0.60,0.30,0.70,0.50,0.40,0.50,0.35,10000,0.42,11.0,2500,R,WB,GN
INF131,inf,CHN,0.90,0.85,0.90,0.35,0.25,0.20,0.35,15000,0.90,3.2,7200,A,WB,GN
INF132,inf,JPN,0.85,0.90,0.85,0.30,0.20,0.15,0.30,6000,0.93,2.8,2880,A,WIPO,PB
INF133,inf,SWE,0.90,0.80,0.80,0.40,0.30,0.25,0.35,10000,0.85,4.2,4600,A,WB,GN
INF134,inf,BRA,0.80,0.85,0.75,0.45,0.35,0.20,0.40,5000,0.83,4.7,2150,A,WB,GN
INF135,inf,UAE,0.95,0.85,0.90,0.45,0.35,0.30,0.40,20000,0.89,4.8,9000,A,WIPO,PB
INF136,inf,NZL,0.85,0.90,0.80,0.35,0.25,0.15,0.30,7000,0.91,3.0,3360,A,WB,GN
INF137,inf,SGP,0.95,0.90,0.85,0.20,0.15,0.20,0.25,6000,0.95,2.0,3180,A,WIPO,PB
INF138,inf,FRA,0.80,0.85,0.75,0.40,0.30,0.20,0.35,8000,0.84,4.6,3840,A,WB,GN
ESG101,esg,NLD,0.85,0.90,0.80,0.35,0.25,0.15,0.30,6000,0.92,2.8,2880,A,ESG,GN
ESG102,esg,USA,0.60,0.30,0.70,0.50,0.40,0.50,0.35,8000,0.42,11.0,2000,R,ESG,GN
ESG103,esg,CHN,0.80,0.85,0.75,0.40,0.30,0.20,0.45,4000,0.84,4.8,1760,A,ESG,GN
ESG104,esg,JPN,0.90,0.90,0.85,0.30,0.20,0.15,0.30,7000,0.93,2.7,3570,A,WIPO,ESG
ESG105,esg,IND,0.80,0.90,0.75,0.40,0.30,0.15,0.45,4000,0.86,4.2,1840,A,ESG,GN
ESG106,esg,GBR,0.85,0.90,0.80,0.35,0.25,0.15,0.35,6000,0.90,3.4,2880,A,ESG,GN
ESG107,esg,FRA,0.80,0.85,0.75,0.40,0.30,0.20,0.40,5000,0.84,4.6,2200,A,ESG,GN
ESG108,esg,CAN,0.85,0.95,0.80,0.35,0.25,0.10,0.35,6000,0.93,2.8,3060,A,ESG,GN
ESG109,esg,KOR,0.90,0.95,0.85,0.30,0.20,0.10,0.30,6000,0.95,2.4,3060,A,WIPO,ESG
ESG110,esg,SGP,0.85,0.90,0.80,0.30,0.20,0.15,0.25,5000,0.93,2.7,2550,A,ESG,GN
ESG111,esg,AUS,0.85,0.90,0.80,0.35,0.25,0.15,0.40,5000,0.90,3.5,2400,A,ESG,GN
ESG112,esg,DEU,0.90,0.85,0.80,0.30,0.20,0.15,0.30,8000,0.94,2.6,4080,A,ESG,GN
ESG113,esg,ITA,0.85,0.90,0.80,0.35,0.25,0.15,0.35,5000,0.90,3.4,2400,A,ESG,GN
ESG114,esg,ESP,0.80,0.85,0.75,0.40,0.30,0.20,0.40,4000,0.84,4.6,1760,A,ESG,GN
ESG115,esg,BRA,0.75,0.85,0.70,0.45,0.35,0.25,0.50,3000,0.80,5.4,1290,A,ESG,GN
ESG116,esg,MEX,0.80,0.80,0.75,0.40,0.30,0.20,0.45,3500,0.83,4.8,1505,A,ESG,GN
ESG117,esg,ARG,0.80,0.80,0.75,0.45,0.35,0.25,0.50,3000,0.80,5.5,1290,A,ESG,GN
ESG118,esg,ZAF,0.85,0.90,0.80,0.35,0.25,0.15,0.35,5000,0.90,3.4,2400,A,ESG,GN
ESG119,esg,NZL,0.90,0.85,0.80,0.30,0.20,0.15,0.30,6000,0.93,2.7,3060,A,ESG,GN
ESG120,esg,NOR,0.85,0.90,0.80,0.35,0.25,0.10,0.35,6000,0.93,2.8,3060,A,ESG,GN
ESG121,esg,USA,0.85,0.95,0.85,0.30,0.20,0.10,0.30,10000,0.95,2.4,5100,A,ESG,GN
ESG122,esg,CHN,0.80,0.85,0.75,0.40,0.30,0.20,0.45,4000,0.84,4.8,1760,A,ESG,GN
ESG123,esg,JPN,0.90,0.90,0.85,0.30,0.20,0.15,0.30,7000,0.93,2.7,3570,A,WIPO,ESG
ESG124,esg,IND,0.80,0.90,0.75,0.40,0.30,0.15,0.45,4000,0.86,4.2,1840,A,ESG,GN
ESG125,esg,GBR,0.85,0.90,0.80,0.35,0.25,0.15,0.35,6000,0.90,3.4,2880,A,ESG,GN
ESG126,esg,FRA,0.80,0.85,0.75,0.40,0.30,0.20,0.40,5000,0.84,4.6,2200,A,ESG,GN
ESG127,esg,CAN,0.85,0.95,0.80,0.35,0.25,0.10,0.35,6000,0.93,2.8,3060,A,ESG,GN
ESG128,esg,KOR,0.90,0.95,0.85,0.30,0.20,0.10,0.30,6000,0.95,2.4,3060,A,WIPO,ESG
ESG129,esg,SGP,0.85,0.90,0.80,0.30,0.20,0.15,0.25,5000,0.93,2.7,2550,A,ESG,GN
ESG130,esg,AUS,0.85,0.90,0.80,0.35,0.25,0.15,0.40,5000,0.90,3.5,2400,A,ESG,GN
ESG131,esg,DEU,0.90,0.85,0.80,0.30,0.20,0.15,0.30,8000,0.94,2.6,4080,A,ESG,GN
ESG132,esg,ITA,0.85,0.90,0.80,0.35,0.25,0.15,0.35,5000,0.90,3.4,2400,A,ESG,GN
ESG133,esg,ESP,0.80,0.85,0.75,0.40,0.30,0.20,0.40,4000,0.84,4.6,1760,A,ESG,GN
ESG134,esg,BRA,0.75,0.85,0.70,0.45,0.35,0.25,0.50,3000,0.80,5.4,1290,A,ESG,GN
ESG135,esg,MEX,0.80,0.80,0.75,0.40,0.30,0.20,0.45,3500,0.83,4.8,1505,A,ESG,GN
ESG136,esg,ARG,0.80,0.80,0.75,0.45,0.35,0.25,0.50,3000,0.80,5.5,1290,A,ESG,GN
ESG137,esg,ZAF,0.85,0.90,0.80,0.35,0.25,0.15,0.35,5000,0.90,3.4,2400,A,ESG,GN
ESG138,esg,NZL,0.90,0.85,0.80,0.30,0.20,0.15,0.30,6000,0.93,2.7,3060,A,ESG,GN
ESG139,esg,NOR,0.85,0.90,0.80,0.35,0.25,0.10,0.35,6000,0.93,2.8,3060,A,ESG,GN
ESG140,esg,USA,0.85,0.95,0.85,0.30,0.20,0.10,0.30,10000,0.95,2.4,5100,A,ESG,GN
ESG141,esg,CHN,0.80,0.85,0.75,0.40,0.30,0.20,0.45,4000,0.84,4.8,1760,A,ESG,GN
ESG142,esg,JPN,0.90,0.90,0.85,0.30,0.20,0.15,0.30,7000,0.93,2.7,3570,A,WIPO,ESG
ESG143,esg,IND,0.80,0.90,0.75,0.40,0.30,0.15,0.45,4000,0.86,4.2,1840,A,ESG,GN
ESG144,esg,GBR,0.85,0.90,0.80,0.35,0.25,0.15,0.35,6000,0.90,3.4,2880,A,ESG,GN
ESG145,esg,FRA,0.80,0.85,0.75,0.40,0.30,0.20,0.40,5000,0.84,4.6,2200,A,ESG,GN
ESG146,esg,CAN,0.85,0.95,0.80,0.35,0.25,0.10,0.35,6000,0.93,2.8,3060,A,ESG,GN
ESG147,esg,KOR,0.90,0.95,0.85,0.30,0.20,0.10,0.30,6000,0.95,2.4,3060,A,WIPO,ESG
ESG148,esg,SGP,0.85,0.90,0.80,0.30,0.20,0.15,0.25,5000,0.93,2.7,2550,A,ESG,GN
ESG149,esg,AUS,0.85,0.90,0.80,0.35,0.25,0.15,0.40,5000,0.90,3.5,2400,A,ESG,GN
ESG150,esg,DEU,0.90,0.85,0.80,0.30,0.20,0.15,0.30,8000,0.94,2.6,4080,A,ESG,GN
ESG151,esg,ITA,0.85,0.90,0.80,0.35,0.25,0.15,0.35,5000,0.90,3.4,2400,A,ESG,GN
ESG152,esg,ESP,0.80,0.85,0.75,0.40,0.30,0.20,0.40,4000,0.84,4.6,1760,A,ESG,GN
ESG153,esg,BRA,0.75,0.85,0.70,0.45,0.35,0.25,0.50,3000,0.80,5.4,1290,A,ESG,GN
ESG154,esg,MEX,0.80,0.80,0.75,0.40,0.30,0.20,0.45,3500,0.83,4.8,1505,A,ESG,GN
ESG155,esg,ARG,0.80,0.80,0.75,0.45,0.35,0.25,0.50,3000,0.80,5.5,1290,A,ESG,GN
ESG156,esg,ZAF,0.85,0.90,0.80,0.35,0.25,0.15,0.35,5000,0.90,3.4,2400,A,ESG,GN
ESG157,esg,NZL,0.90,0.85,0.80,0.30,0.20,0.15,0.30,6000,0.93,2.7,3060,A,ESG,GN
ESG158,esg,NOR,0.85,0.90,0.80,0.35,0.25,0.10,0.35,6000,0.93,2.8,3060,A,ESG,GN
ESG159,esg,USA,0.60,0.30,0.70,0.50,0.40,0.50,0.35,8000,0.42,11.0,2000,R,ESG,GN
ESG160,esg,CHN,0.80,0.85,0.75,0.40,0.30,0.20,0.45,4000,0.84,4.8,1760,A,ESG,GN
ESG161,esg,JPN,0.90,0.90,0.85,0.30,0.20,0.15,0.30,7000,0.93,2.7,3570,A,WIPO,ESG
ESG162,esg,IND,0.80,0.90,0.75,0.40,0.30,0.15,0.45,4000,0.86,4.2,1840,A,ESG,GN
ESG163,esg,GBR,0.85,0.90,0.80,0.35,0.25,0.15,0.35,6000,0.90,3.4,2880,A,ESG,GN
ESG164,esg,FRA,0.80,0.85,0.75,0.40,0.30,0.20,0.40,5000,0.84,4.6,2200,A,ESG,GN
ESG165,esg,CAN,0.85,0.95,0.80,0.35,0.25,0.10,0.35,6000,0.93,2.8,3060,A,ESG,GN
ESG166,esg,KOR,0.90,0.95,0.85,0.30,0.20,0.10,0.30,6000,0.95,2.4,3060,A,WIPO,ESG
ESG167,esg,SGP,0.85,0.90,0.80,0.30,0.20,0.15,0.25,5000,0.93,2.7,2550,A,ESG,GN
ESG168,esg,AUS,0.85,0.90,0.80,0.35,0.25,0.15,0.40,5000,0.90,3.5,2400,A,ESG,GN
ESG169,esg,DEU,0.90,0.85,0.80,0.30,0.20,0.15,0.30,8000,0.94,2.6,4080,A,ESG,GN
ESG170,esg,ITA,0.85,0.90,0.80,0.35,0.25,0.15,0.35,5000,0.90,3.4,2400,A,ESG,GN
ESG171,esg,ESP,0.80,0.85,0.75,0.40,0.30,0.20,0.40,4000,0.84,4.6,1760,A,ESG,GN
ESG172,esg,BRA,0.75,0.85,0.70,0.45,0.35,0.25,0.50,3000,0.80,5.4,1290,A,ESG,GN
ESG173,esg,MEX,0.80,0.80,0.75,0.40,0.30,0.20,0.45,3500,0.83,4.8,1505,A,ESG,GN
ESG174,esg,ARG,0.80,0.80,0.75,0.45,0.35,0.25,0.50,3000,0.80,5.5,1290,A,ESG,GN
ESG175,esg,ZAF,0.85,0.90,0.80,0.35,0.25,0.15,0.35,5000,0.90,3.4,2400,A,ESG,GN
ESG176,esg,NZL,0.90,0.85,0.80,0.30,0.20,0.15,0.30,6000,0.93,2.7,3060,A,ESG,GN
ESG177,esg,NOR,0.85,0.90,0.80,0.35,0.25,0.10,0.35,6000,0.93,2.8,3060,A,ESG,GN
ESG178,esg,USA,0.85,0.95,0.85,0.30,0.20,0.10,0.30,10000,0.95,2.4,5100,A,ESG,GN
ESG179,esg,CHN,0.80,0.85,0.75,0.40,0.30,0.20,0.45,4000,0.84,4.8,1760,A,ESG,GN
ESG180,esg,JPN,0.90,0.90,0.85,0.30,0.20,0.15,0.30,7000,0.93,2.7,3570,A,WIPO,ESG
ESG181,esg,IND,0.80,0.90,0.75,0.40,0.30,0.15,0.45,4000,0.86,4.2,1840,A,ESG,GN
ESG182,esg,GBR,0.85,0.90,0.80,0.35,0.25,0.15,0.35,6000,0.90,3.4,2880,A,ESG,GN
ESG183,esg,FRA,0.80,0.85,0.75,0.40,0.30,0.20,0.40,5000,0.84,4.6,2200,A,ESG,GN
AI076,ai,SWE,0.90,0.85,0.80,0.35,0.25,0.20,0.30,2500,0.90,3.2,1200,A,WIPO,ESG
AI077,ai,CHN,0.90,0.85,0.80,0.40,0.30,0.25,0.35,3000,0.86,4.0,1380,A,WIPO,GN
AI078,ai,IND,0.80,0.85,0.75,0.40,0.30,0.25,0.40,2000,0.83,4.8,880,A,ESG,GN
AI079,ai,USA,0.70,0.50,0.60,0.60,0.40,0.50,0.35,5000,0.45,10.3,1400,R,WIPO,ESG,GN
AI080,ai,RUS,0.95,0.90,0.85,0.35,0.25,0.20,0.30,1500,0.91,3.1,750,A,WIPO,PB,GN
AI081,ai,JPN,0.85,0.90,0.80,0.35,0.25,0.20,0.30,2500,0.90,3.3,1200,A,WIPO,ESG
AI082,ai,GBR,0.90,0.85,0.85,0.35,0.25,0.15,0.30,3000,0.91,3.1,1440,A,WIPO,PB
AI083,ai,FRA,0.85,0.80,0.80,0.40,0.30,0.20,0.35,2500,0.86,4.0,1150,A,ESG,GN
AI084,ai,CAN,0.80,0.90,0.75,0.35,0.25,0.15,0.30,2000,0.90,3.2,960,A,ESG,GN
AI085,ai,KOR,0.90,0.85,0.80,0.30,0.20,0.20,0.25,2500,0.92,2.8,1275,A,WIPO,ESG
AI086,ai,SGP,0.85,0.90,0.80,0.30,0.20,0.15,0.25,2000,0.93,2.7,1020,A,ESG,GN
AI087,ai,AUS,0.80,0.85,0.75,0.35,0.25,0.20,0.30,2000,0.88,3.5,960,A,ESG,GN
AI088,ai,DEU,0.90,0.80,0.85,0.40,0.30,0.25,0.35,3000,0.85,4.2,1380,A,WIPO,PB
AI089,ai,ITA,0.85,0.85,0.80,0.40,0.30,0.20,0.35,2500,0.86,4.1,1150,A,ESG,GN
AI090,ai,ESP,0.80,0.80,0.75,0.40,0.30,0.25,0.40,2000,0.83,4.8,880,A,ESG,GN
AI091,ai,BRA,0.75,0.80,0.70,0.45,0.35,0.30,0.45,1500,0.78,5.8,645,A,ESG,GN
AI092,ai,MEX,0.80,0.75,0.75,0.40,0.30,0.25,0.40,1500,0.82,4.9,660,A,ESG,GN
AI093,ai,ARG,0.75,0.80,0.70,0.45,0.35,0.30,0.45,1500,0.78,5.8,645,A,ESG,GN
AI094,ai,ZAF,0.85,0.85,0.80,0.35,0.25,0.20,0.30,2500,0.90,3.3,1200,A,WIPO,ESG
AI095,ai,NZL,0.90,0.85,0.80,0.30,0.20,0.15,0.25,2000,0.93,2.7,1020,A,ESG,GN
AI096,ai,NOR,0.85,0.90,0.80,0.35,0.25,0.15,0.30,2500,0.91,3.1,1200,A,ESG,GN
AI097,ai,USA,0.70,0.50,0.60,0.60,0.40,0.50,0.35,5000,0.45,10.3,1400,R,WIPO,ESG,GN
AI098,ai,CHN,0.90,0.85,0.80,0.40,0.30,0.25,0.35,3000,0.86,4.0,1380,A,WIPO,GN
AI099,ai,IND,0.80,0.85,0.75,0.40,0.30,0.25,0.40,2000,0.83,4.8,880,A,ESG,GN
AI100,ai,JPN,0.85,0.90,0.80,0.35,0.25,0.20,0.30,2500,0.90,3.3,1200,A,WIPO,ESG
AI101,ai,GBR,0.90,0.85,0.85,0.35,0.25,0.15,0.30,3000,0.91,3.1,1440,A,WIPO,PB
AI102,ai,FRA,0.85,0.80,0.80,0.40,0.30,0.20,0.35,2500,0.86,4.0,1150,A,ESG,GN
AI103,ai,CAN,0.80,0.90,0.75,0.35,0.25,0.15,0.30,2000,0.90,3.2,960,A,ESG,GN
AI104,ai,KOR,0.90,0.85,0.80,0.30,0.20,0.20,0.25,2500,0.92,2.8,1275,A,WIPO,ESG
AI105,ai,SGP,0.85,0.90,0.80,0.30,0.20,0.15,0.25,2000,0.93,2.7,1020,A,ESG,GN
AI106,ai,AUS,0.80,0.85,0.75,0.35,0.25,0.20,0.30,2000,0.88,3.5,960,A,ESG,GN
AI107,ai,DEU,0.90,0.80,0.85,0.40,0.30,0.25,0.35,3000,0.85,4.2,1380,A,WIPO,PB
AI108,ai,ITA,0.85,0.85,0.80,0.40,0.30,0.20,0.35,2500,0.86,4.1,1150,A,ESG,GN
AI109,ai,ESP,0.80,0.80,0.75,0.40,0.30,0.25,0.40,2000,0.83,4.8,880,A,ESG,GN
AI110,ai,BRA,0.75,0.80,0.70,0.45,0.35,0.30,0.45,1500,0.78,5.8,645,A,ESG,GN
AI111,ai,MEX,0.80,0.75,0.75,0.40,0.30,0.25,0.40,1500,0.82,4.9,660,A,ESG,GN
AI112,ai,ARG,0.75,0.80,0.70,0.45,0.35,0.30,0.45,1500,0.78,5.8,645,A,ESG,GN
AI113,ai,ZAF,0.85,0.85,0.80,0.35,0.25,0.20,0.30,2500,0.90,3.3,1200,A,WIPO,ESG
FIN051,fin,NZL,0.85,0.80,0.85,0.30,0.25,0.15,0.25,700,0.90,3.0,336,A,PB,GN
FIN052,fin,BRA,0.75,0.80,0.70,0.45,0.35,0.30,0.45,300,0.78,5.8,129,A,PB,GN
FIN053,fin,CHN,0.90,0.85,0.80,0.40,0.30,0.25,0.35,800,0.86,4.0,368,A,WIPO,PB,GN
FIN054,fin,IND,0.80,0.85,0.75,0.40,0.30,0.20,0.40,500,0.84,4.6,220,A,PB,GN
FIN055,fin,USA,0.85,0.80,0.90,0.35,0.25,0.15,0.30,1000,0.91,3.0,480,A,PB,WB,GN
FIN056,fin,GBR,0.90,0.85,0.85,0.30,0.20,0.15,0.25,800,0.93,2.5,408,A,WIPO,PB
FIN057,fin,FRA,0.80,0.80,0.75,0.40,0.30,0.20,0.35,600,0.84,4.5,264,A,PB,GN
FIN058,fin,JPN,0.85,0.85,0.80,0.35,0.25,0.15,0.30,700,0.90,3.2,336,A,PB,GN
FIN059,fin,KOR,0.90,0.80,0.85,0.30,0.20,0.25,0.25,600,0.92,2.7,288,A,WIPO,PB
FIN060,fin,SGP,0.85,0.90,0.80,0.30,0.20,0.15,0.25,500,0.93,2.7,255,A,PB,GN
FIN061,fin,AUS,0.80,0.85,0.75,0.35,0.25,0.25,0.35,400,0.88,3.5,240,A,PB,GN
FIN062,fin,DEU,0.85,0.80,0.85,0.40,0.30,0.20,0.35,600,0.86,4.1,276,A,PB,GN
FIN063,fin,ITA,0.80,0.85,0.80,0.40,0.30,0.20,0.35,600,0.86,4.1,230,A,PB,GN
FIN064,fin,ESP,0.80,0.80,0.75,0.40,0.30,0.25,0.40,400,0.83,4.8,176,A,PB,GN
FIN065,fin,MEX,0.80,0.75,0.75,0.40,0.30,0.25,0.40,300,0.82,4.9,132,A,PB,GN
FIN066,fin,ARG,0.75,0.80,0.70,0.45,0.35,0.30,0.45,300,0.78,5.8,129,A,PB,GN
FIN067,fin,ZAF,0.85,0.80,0.85,0.30,0.25,0.15,0.25,700,0.90,3.0,336,A,PB,GN
FIN068,fin,NOR,0.85,0.85,0.80,0.35,0.25,0.15,0.30,600,0.90,3.2,288,A,PB,GN
FIN069,fin,NZL,0.80,0.85,0.75,0.35,0.25,0.20,0.30,500,0.88,3.5,240,A,PB,GN
FIN070,fin,CHN,0.90,0.85,0.80,0.40,0.30,0.25,0.35,800,0.86,4.0,368,A,WIPO,PB,GN
FIN071,fin,IND,0.80,0.85,0.75,0.40,0.30,0.20,0.40,500,0.84,4.6,220,A,PB,GN
FIN072,fin,USA,0.85,0.80,0.90,0.35,0.25,0.15,0.30,1000,0.91,3.0,480,A,PB,WB,GN
FIN073,fin,GBR,0.90,0.85,0.85,0.30,0.20,0.15,0.25,800,0.93,2.5,408,A,WIPO,PB
FIN074,fin,FRA,0.80,0.80,0.75,0.40,0.30,0.20,0.35,600,0.84,4.5,264,A,PB,GN
FIN075,fin,JPN,0.85,0.85,0.80,0.35,0.25,0.15,0.30,700,0.90,3.2,336,A,PB,GN
FIN076,fin,KOR,0.90,0.80,0.85,0.30,0.20,0.25,0.25,600,0.92,2.7,288,A,WIPO,PB
